{"(34.5678755112, 33.9818462135)": 0, "(33.0311624606, 48.9029223476)": 0, "(33.6818363502, 63.8888031522)": 0, "(34.3491463575, 78.8739523792)": 0, "(52.9456393749, 12.423033511)": -4.1899999999999995, (63.553709907, 23.0281662111): 0, (68.6664803706, 37.1299241932): 0, (69.0436133987, 52.1251824664): 0, (68.9943010702, 67.1251014093): 0, (69.0007446653, 82.1251000253): 0, (67.7423836423, 9.9620664072): -5.81, (80.9166793888, 17.1340906392): -1, (94.4941123524, 23.5100857866): -1, (104.2387820533, 34.9136559477): -1, (106.6558339444, 49.7176371742): -1, (106.9057445795, 64.7155551855): -1, (104.1024844076, 79.4512849743): -1, (93.9963666867, 90.535795997): -1, (83.5036075098, 101.2550312708): -1, (70.0, 100.0): 1}